file,print_cm,view_cm,tier_c,verdict,tier_a,tier_b,bottleneck,effective_ppi,nominal_ppi,real_detail_pct,tac_peak_pct,tac_over_280_pct,rgb_black_pct,black_floor_pct,crushed_shadows,banding_area_pct,band_step_mm,finest_line_pt,s_res,s_view,s_line,s_band,s_tac,s_clip,s_choke,s_contrast,s_alpha,s_black,dpi_tag,icc,format,seconds
Batch_01_thedarkmaters_art_20x150cm_150ppi.tif,20x150,240,3.5,Critical failure,3.5,3.3,Stroke contrast in glare,60,151,40,304,11.63,5.88,6.64,False,14.2,5.5,1.91,4.6,10,9.9,6.1,5.6,9.3,9.5,1,10,9.4,150,sRGB (embedded),TIFF Â· LZW,8.6
imgi_264_showimg_ime154_desktop_100x100cm_150ppi.tif,100x100,160,3.5,Critical failure,3.5,3.5,Stroke contrast in glare,38,151,25,303,2.34,1.03,0.65,False,2.3,5,1.91,1.9,7.4,9.9,4.6,8,9.3,9.5,1,10,9.4,150,sRGB (embedded),TIFF Â· LZW,14.7
imgi_416_showimg_cmu39_desktop_100x100cm_150ppi.tif,100x100,160,3.5,Critical failure,3.5,3.5,Stroke contrast in glare,50,151,33,304,30.41,16.42,8.31,False,13.3,33.7,2.39,3.3,8.5,10,3,2,9.3,9.5,1,10,8.8,150,sRGB (embedded),TIFF Â· LZW,16.9
imgi_418_showimg_cmu31_desktop_100x100cm_150ppi.tif,100x100,160,3.5,Critical failure,3.5,3.5,Stroke contrast in glare,38,151,25,304,22.62,14.29,8.43,False,9.6,61.7,1.91,1.9,7.4,9.9,3,3.4,9.3,9.5,1,10,8.8,150,sRGB (embedded),TIFF Â· LZW,18.8
imgi_419_showimg_cmu33_desktop_100x100cm_150ppi.tif,100x100,160,3.5,Critical failure,3.5,3.5,Stroke contrast in glare,38,151,25,304,25.02,16.11,6.24,False,11.2,21.3,1.91,1.9,7.4,9.9,3,2.9,9.3,9.5,1,10,8.8,150,sRGB (embedded),TIFF Â· LZW,21.1
imgi_422_showimg_pbl28_desktop_100x113cm_150ppi.tif,100x113,180,3.5,Critical failure,3.5,3.5,Stroke contrast in glare,38,151,25,304,8.11,2.28,2.97,False,6.5,5.3,2.39,1.9,7.8,10,5,6.3,9.3,9.5,1,10,8.8,150,sRGB (embedded),TIFF Â· LZW,24.9
imgi_14_top20-220x220-cgo_100x100cm_150ppi.tif,100x100,160,4.2,Critical failure,4.5,4.3,Effective resolution,38,151,25,304,74.41,74.75,65.79,True,8.3,9,,1.9,7.4,10,3,2,6.2,10,10,10,10,150,sRGB (embedded),TIFF Â· LZW,11
imgi_133_showimg_ldr73_search_100x133cm_150ppi.tif,100x133,210,4.3,Critical failure,4.5,4.5,Effective resolution,38,151,25,304,34.54,18.97,10.4,False,52.6,21.3,2.39,1.9,8.5,10,3,2,9.3,9.5,10,10,9.4,150,sRGB (embedded),TIFF Â· LZW,181.1
imgi_134_showimg_ldr40_search_100x129cm_150ppi.tif,100x129,210,4.3,Critical failure,4.5,4.5,Effective resolution,38,151,25,304,50.06,46.43,36.39,False,36.1,25.4,2.39,1.9,8.5,10,3,2,9.3,9.5,10,10,9.4,150,sRGB (embedded),TIFF Â· LZW,18.2
imgi_135_showimg_ldr109_search_150x100cm_150ppi.tif,150x100,240,4.3,Critical failure,4.5,4.5,Effective resolution,38,151,25,304,32.19,33.23,16.72,False,28.5,20.5,2.87,1.9,9.1,10,3,2,9.3,9.5,10,10,8.8,150,sRGB (embedded),TIFF Â· LZW,216.5
imgi_137_showimg_ldr80_search_150x100cm_150ppi.tif,150x100,240,4.3,Critical failure,4.5,4.5,Effective resolution,38,151,25,304,33.24,33.97,21.53,False,32.6,23.5,3.35,1.9,9.1,10,3,2,9.3,10,10,10,8.8,150,sRGB (embedded),TIFF Â· LZW,112.5
imgi_138_showimg_ldr49_search_100x129cm_150ppi.tif,100x129,210,4.3,Critical failure,4.5,4.4,Effective resolution,38,151,25,304,58.25,15.52,12.72,False,64.3,42.1,2.39,1.9,8.5,10,3,2,9.3,9.5,10,10,8.8,150,sRGB (embedded),TIFF Â· LZW,17.4
imgi_10_top20-220x220-saa_100x100cm_150ppi.tif,100x100,160,4.4,Critical failure,8.2,5,Effective resolution,38,151,25,304,4.45,1.03,0.66,False,19.1,5.7,,1.9,7.4,10,3.9,7.1,9.3,10,10,10,10,150,sRGB (embedded),TIFF Â· LZW,17.9
imgi_113_showimg_ime97_search_150x75cm_150ppi.tif,150x75,240,4.4,Critical failure,8.6,5.3,Effective resolution,38,151,25,303,2.8,0.6,0.41,False,5.5,3.5,3.35,1.9,9.1,10,7.6,7.8,10,10,10,10,9.4,150,sRGB (embedded),TIFF Â· LZW,23.5
imgi_114_showimg_ime117_search_150x75cm_150ppi.tif,150x75,240,4.4,Critical failure,4.5,4.4,Effective resolution,38,151,25,304,34.45,17.93,9.28,False,22.3,6,3.35,1.9,9.1,10,5.7,2,9.3,10,10,10,8.8,150,sRGB (embedded),TIFF Â· LZW,19.6
imgi_115_showimg_ime154_search_100x100cm_150ppi.tif,100x100,160,4.4,Critical failure,5.4,4.7,Effective resolution,38,151,25,304,24.37,22.91,22.35,True,3.1,3,2.39,1.9,7.4,10,6.8,3,6.2,9.5,10,10,9.4,150,sRGB (embedded),TIFF Â· LZW,18
imgi_116_showimg_ime109_search_100x100cm_150ppi.tif,100x100,160,4.4,Critical failure,6,5,Effective resolution,38,151,25,302,2.83,0.46,0.27,False,8.6,2.7,2.39,1.9,7.4,10,7.2,7.8,10,9.5,10,10,9.4,150,sRGB (embedded),TIFF Â· LZW,24.8
imgi_117_showimg_ime83_search_75x150cm_150ppi.tif,75x150,240,4.4,Critical failure,6,5.3,Effective resolution,38,151,25,302,2.29,0.48,0.33,False,3.3,3.5,2.39,1.9,9.1,10,7.6,8,10,9.5,10,10,9.4,150,sRGB (embedded),TIFF Â· LZW,20.6
imgi_118_showimg_ime105_search_100x100cm_150ppi.tif,100x100,160,4.4,Critical failure,6,5,Effective resolution,38,151,25,298,1.23,0.12,0.08,False,9.8,3.7,2.39,1.9,7.4,10,6.1,8.4,10,9.5,10,10,9.4,150,sRGB (embedded),TIFF Â· LZW,20.4
imgi_11_top20-220x220-wpa_100x100cm_150ppi.tif,100x100,160,4.4,Critical failure,8.3,5,Effective resolution,38,151,25,304,4.34,0.96,0.95,False,10.2,3,,1.9,7.4,10,6.8,7.2,9.3,10,10,10,10,150,sRGB (embedded),TIFF Â· LZW,21.9
imgi_120_showimg_mcs01_search_100x100cm_150ppi.tif,100x100,160,4.4,Critical failure,5.4,4.7,Effective resolution,38,151,25,304,17.73,10.52,6.7,False,39.9,14,2.39,1.9,7.4,10,3,4.4,9.3,9.5,10,10,9.4,150,sRGB (embedded),TIFF Â· LZW,18.3
imgi_121_showimg_mcs41_search_100x100cm_150ppi.tif,100x100,160,4.4,Critical failure,5.5,5,Effective resolution,38,151,25,300,3.07,0.5,0.46,False,48.2,14.3,2.39,1.9,7.4,10,3,7.7,10,10,10,10,10,150,sRGB (embedded),TIFF Â· LZW,13.4
imgi_122_showimg_mcs16_search_100x100cm_150ppi.tif,100x100,160,4.4,Critical failure,5.4,4.8,Effective resolution,38,151,25,302,10.35,6.23,0.43,False,30.4,14.3,2.86,1.9,7.4,10,3,5.8,10,9.5,10,10,9.4,150,sRGB (embedded),TIFF Â· LZW,12.7
imgi_123_showimg_mcs38_search_100x100cm_150ppi.tif,100x100,160,4.4,Critical failure,7.6,4.9,Effective resolution,38,151,25,299,5.31,2.07,0.19,False,55.0,7.3,2.86,1.9,7.4,10,3,6.8,10,10,10,10,8.8,150,sRGB (embedded),TIFF Â· LZW,14.9
imgi_124_showimg_mcs46_search_100x100cm_150ppi.tif,100x100,160,4.4,Critical failure,5.5,5,Effective resolution,38,151,25,294,1.54,0.11,0.03,False,54.0,28,2.39,1.9,7.4,10,3,8.3,10,10,10,10,9.4,150,sRGB (embedded),TIFF Â· LZW,12.5
imgi_125_showimg_mcs10_search_100x100cm_150ppi.tif,100x100,160,4.4,Critical failure,5.3,4.8,Effective resolution,38,151,25,303,9.05,1.5,0.33,False,37.7,43.7,2.39,1.9,7.4,10,3,6.1,10,9.5,10,10,8.8,150,sRGB (embedded),TIFF Â· LZW,19.9
imgi_127_showimg_gve52_search_100x141cm_150ppi.tif,100x141,230,4.4,Critical failure,5.6,6.1,Effective resolution,38,150,25,304,16.49,16.94,5.67,False,1.1,480.8,2.39,1.9,8.9,10,7.5,4.6,9.3,9.5,10,10,8.8,150,sRGB (embedded),TIFF Â· LZW,27
imgi_129_showimg_wuh93_search_133x100cm_150ppi.tif,133x100,210,4.4,Critical failure,7.3,5.4,Effective resolution,38,151,25,287,0.15,0.03,0.05,False,3.5,11.6,2.86,1.9,8.5,10,3,9,10,10,10,10,9.4,150,sRGB (embedded),TIFF Â· LZW,20
imgi_12_top20-220x220-bse_100x100cm_150ppi.tif,100x100,160,4.4,Critical failure,8.7,5,Effective resolution,38,151,25,277,0.07,0.0,0.0,False,6.1,5,,1.9,7.4,10,4.6,10,10,10,10,10,10,150,sRGB (embedded),TIFF Â· LZW,15.8
imgi_130_showimg_wuh73_search_133x100cm_150ppi.tif,133x100,210,4.4,Critical failure,7.8,5.4,Effective resolution,38,151,25,282,0.12,0.01,0.03,False,3.8,8.9,2.86,1.9,8.5,10,3,9,10,10,10,10,8.8,150,sRGB (embedded),TIFF Â· LZW,69.7
imgi_131_showimg_wuh116_search_133x100cm_150ppi.tif,133x100,210,4.4,Critical failure,8.7,6.3,Effective resolution,38,151,25,261,0.02,0,0.0,False,0.6,5.8,3.34,1.9,8.5,10,8,10,10,10,10,10,10,150,sRGB (embedded),TIFF Â· LZW,16
imgi_136_showimg_ldr13_search_150x94cm_150ppi.tif,150x94,240,4.4,Critical failure,6.9,5.2,Effective resolution,38,150,25,304,13.63,14.52,1.83,False,28.2,10.5,3.35,1.9,9.1,10,3,5.2,9.3,10,10,10,8.8,150,sRGB (embedded),TIFF Â· LZW,15.9
imgi_13_top20-220x220-yle_100x100cm_150ppi.tif,100x100,160,4.4,Critical failure,8,5,Effective resolution,38,151,25,304,6.02,1.71,1.15,False,13.5,3.3,,1.9,7.4,10,6.4,6.7,9.3,10,10,10,10,150,sRGB (embedded),TIFF Â· LZW,69.5
imgi_140_showimg_mcn55_search_100x133cm_150ppi.tif,100x133,210,4.4,Critical failure,5.9,6,Effective resolution,38,151,25,299,1.83,0.36,0.08,False,22.4,6.2,2.39,1.9,8.5,10,4.9,8.2,10,9.5,10,10,9.4,150,sRGB (embedded),TIFF Â· LZW,244.7
imgi_141_showimg_mcn68_search_100x125cm_150ppi.tif,100x125,200,4.4,Critical failure,6,5.9,Effective resolution,38,151,25,283,0.13,0.02,0.01,False,5.2,3.3,2.86,1.9,8.3,10,7.2,9,10,9.5,10,10,9.4,150,sRGB (embedded),TIFF Â· LZW,25
imgi_142_showimg_mcn16_search_150x90cm_150ppi.tif,150x90,240,4.4,Critical failure,7.7,5.3,Effective resolution,38,151,25,303,1.87,0.24,0.33,False,10.2,10,3.35,1.9,9.1,10,3,8.2,10,10,10,10,8.8,150,sRGB (embedded),TIFF Â· LZW,457.6
imgi_143_showimg_mcn25_search_142x100cm_150ppi.tif,142x100,230,4.4,Critical failure,7.6,6.3,Effective resolution,38,150,25,303,7.81,0.72,0.32,False,4.0,3.3,3.35,1.9,8.9,10,7.7,6.3,10,10,10,10,8.8,150,sRGB (embedded),TIFF Â· LZW,48.8
imgi_144_showimg_mcn43_search_100x141cm_150ppi.tif,100x141,230,4.4,Critical failure,6.7,5.4,Effective resolution,38,151,25,282,0.15,0.0,0.01,False,30.4,14.1,2.39,1.9,8.9,10,3,9,10,10,10,10,9.4,150,sRGB (embedded),TIFF Â· LZW,22.7
imgi_145_showimg_mcn10_search_142x100cm_150ppi.tif,142x100,230,4.4,Critical failure,7.9,6.2,Effective resolution,38,150,25,304,5.5,0.82,0.86,False,9.9,5.2,3.35,1.9,8.9,10,6.1,6.8,9.3,10,10,10,8.8,150,sRGB (embedded),TIFF Â· LZW,25.8
imgi_147_showimg_gua53_search_150x75cm_150ppi.tif,150x75,240,4.4,Critical failure,7.1,5.1,Effective resolution,38,151,25,294,2.14,1.23,0.04,False,24.4,11.0,2.87,1.9,9.1,10,3,8,10,10,10,10,8.8,150,sRGB (embedded),TIFF Â· LZW,62.9
imgi_148_showimg_gua44_search_100x100cm_150ppi.tif,100x100,160,4.4,Critical failure,5.4,4.9,Effective resolution,38,151,25,302,4.01,2.08,0.24,False,17.3,29.3,2.39,1.9,7.4,10,3,7.3,10,9.5,10,10,8.8,150,sRGB (embedded),TIFF Â· LZW,50.7
imgi_149_showimg_gua35_search_150x75cm_150ppi.tif,150x75,240,4.4,Critical failure,5.8,5.1,Effective resolution,38,151,25,300,2.89,1.08,0.15,False,21.7,16.0,3.35,1.9,9.1,10,3,7.7,10,10,10,10,8.8,150,sRGB (embedded),TIFF Â· LZW,17
imgi_150_showimg_gua41_search_133x100cm_150ppi.tif,133x100,210,4.4,Critical failure,5.5,5.3,Effective resolution,38,151,25,301,6.76,2.44,0.4,False,59.1,45.8,2.86,1.9,8.5,10,3,6.5,10,10,10,10,8.8,150,sRGB (embedded),TIFF Â· LZW,17.8
imgi_151_showimg_gua07_search_133x100cm_150ppi.tif,133x100,210,4.4,Critical failure,7.2,5.4,Effective resolution,38,151,25,298,0.73,0.12,0.07,False,6.8,12.0,2.86,1.9,8.5,10,3,8.6,10,10,10,10,8.8,150,sRGB (embedded),TIFF Â· LZW,34.3
imgi_152_showimg_gua56_search_150x94cm_150ppi.tif,150x94,240,4.4,Critical failure,5.5,5.3,Effective resolution,38,150,25,296,3.13,0.41,0.05,False,23.0,37.6,3.35,1.9,9.1,10,3,7.6,10,10,10,10,8.8,150,sRGB (embedded),TIFF Â· LZW,17
imgi_192_showimg_cmu22_search_100x100cm_150ppi.tif,100x100,160,4.4,Critical failure,5.8,4.9,Effective resolution,38,151,25,304,18.63,9.4,8.41,False,6.8,3,2.39,1.9,7.4,10,6.8,4.2,9.3,9.5,10,10,8.8,150,sRGB (embedded),TIFF Â· LZW,20.3
imgi_265_showimg_ime109_desktop_100x100cm_150ppi.tif,100x100,160,4.4,Critical failure,6,5,Effective resolution,38,151,25,302,2.97,0.45,0.31,False,6.6,3.3,2.39,1.9,7.4,10,6.4,7.7,10,9.5,10,10,9.4,150,sRGB (embedded),TIFF Â· LZW,19.1
imgi_395_showimg_ylm13_desktop_100x100cm_150ppi.tif,100x100,160,4.4,Critical failure,5.8,4.9,Effective resolution,38,151,25,303,4.47,0.61,0.36,False,7.8,9,2.39,1.9,7.4,10,3,7.1,10,9.5,10,10,9.4,150,sRGB (embedded),TIFF Â· LZW,24.7
imgi_417_showimg_cmu22_desktop_100x100cm_150ppi.tif,100x100,160,5.3,Critical failure,5.8,5.6,Effective resolution,50,151,33,304,19.07,10.1,8.91,False,4.3,5.3,2.39,3.3,8.5,10,4.3,4.1,9.3,9.5,10,10,9.4,150,sRGB (embedded),TIFF Â· LZW,16.5
imgi_435_showimg_nha08_desktop_100x100cm_150ppi.tif,100x100,160,5.4,Critical failure,5.5,5.4,Shadow gradient banding,50,151,33,295,2.23,0.01,0.03,False,20.4,15.3,2.39,3.3,8.5,10,3,8,10,9.5,10,10,10,150,sRGB (embedded),TIFF Â· LZW,25.4
